Product,Brand,Review,Status
shoe,Nike,Spend your money elsewhere.,0
shoe,Nike,Their regular toasted bread was equally satisfying with the occasional pats of butter... Mmmm...!,1
shoe,Nike,The Buffet at Bellagio was far from what I anticipated.,1
shoe,Nike,"And the drinks are WEAK, people!",1
shoe,Nike,-My order was not correct.,1
shoe,Nike,"Also, I feel like the chips are bought, not made in house.",1
shoe,Nike,After the disappointing dinner we went elsewhere for dessert.,1
shoe,Nike,The chips and sals a here is amazing!!!!!!!!!!!!!!!!!!!,1
shoe,Nike,We won't be returning.,1
shoe,Nike,This is my new fav Vegas buffet spot.,0
shoe,Nike,I seriously cannot believe that the owner has so many unexperienced employees that all are running around like chickens with their heads cut off.,1
shoe,Nike,"Very, very sad.",0
shoe,Nike,"i felt insulted and disrespected, how could you talk and judge another human being like that?",0
shoe,Nike,"How can you call yourself a steakhouse if you can't properly cook a steak, I don't understand!",0
shoe,Nike,I'm not impressed with the concept or the food.,0
shoe,Nike,The only thing I wasn't too crazy about was their guacamole as I don't like it pur√©ed.,1
shoe,Nike,"There is really nothing for me at postinos, hope your experience is better",0
shoe,Nike,I got food poisoning here at the buffet.,1
shoe,Nike,They brought a fresh batch of fries and I was thinking yay something warm but no!,1
shoe,Nike,"What SHOULD have been a hilarious, yummy Christmas Eve dinner to remember was the biggest fail of the entire trip for us.",1
shoe,PUMA,"Needless to say, I won't be going back anytime soon.",0
shoe,PUMA,This place is disgusting!,0
shoe,PUMA,"Every time I eat here, I see caring teamwork to a professional degree.",1
shoe,PUMA,The RI style calamari was a joke.,0
shoe,PUMA,"However, there was so much garlic in the fondue, it was barely edible.",0
shoe,PUMA,"I could barely stomach the meal, but didn't complain because it was a business lunch.",0
shoe,PUMA,"It was so bad, I had lost the heart to finish it.",0
shoe,PUMA,It also took her forever to bring us the check when we asked for it.,0
shoe,PUMA,We aren't ones to make a scene at restaurants but I just don't get it...definitely lost the love after this one!,1
shoe,PUMA,Disappointing experience.,1
shoe,PUMA,"The food is about on par with Denny's, which is to say, not good at all.",0
shoe,PUMA,"If you want to wait for mediocre food and downright terrible service, then this is the place for you.",0
shoe,PUMA,WAAAAAAyyyyyyyyyy over rated is all I am saying.,0
shoe,PUMA,We won't be going back.,1
shoe,Jordan,The place was fairly clean but the food simply wasn't worth it.,0
shoe,Jordan,This place lacked style!!,0
shoe,Jordan,"The sangria was about half of a glass wine full and was $12, ridiculous.",1
shoe,Jordan,Don't bother coming here.,1
shoe,Jordan,"The meat was pretty dry, I had the sliced brisket and pulled pork.",1
shoe,Jordan,WOW!! Impressed,1
shoe,Jordan,It was equally awful.,1
shoe,Jordan,Probably not in a hurry to go back.,0
jacket,THE NORTH FACE,very slow at seating even with reservation.,0
jacket,THE NORTH FACE,Not good by any stretch of the imagination.,0
jacket,THE NORTH FACE,The cashew cream sauce was bland and the vegetables were undercooked.,0
jacket,THE NORTH FACE,"The chipolte ranch dipping sause was tasteless, seemed thin and watered down with no heat.",1
jacket,THE NORTH FACE,"It was a bit too sweet, not really spicy enough, and lacked flavor.",1
jacket,THE NORTH FACE,I was VERY disappointed!!,1
jacket,THE NORTH FACE,This place is horrible and way overpriced.,0
jacket,THE NORTH FACE,"Maybe it's just their Vegetarian fare, but I've been twice and I thought it was average at best.",1
jacket,THE NORTH FACE,It wasn't busy at all and now we know why.,0
jacket,THE NORTH FACE,The tables outside are also dirty a lot of the time and the workers are not always friendly and helpful with the menu.,0
jacket,THE NORTH FACE,"The ambiance here did not feel like a buffet setting, but more of a douchey indoor garden for tea and biscuits.",1
jacket,THE NORTH FACE,Con: spotty service.,1
jacket,Levi's,"The fries were not hot, and neither was my burger.",1
jacket,Levi's,But then they came back cold.,1
jacket,Levi's,"Then our food came out, disappointment ensued.",1
jacket,Levi's,The real disappointment was our waiter.,1
jacket,Levi's,My husband said she was very rude... did not even apologize for the bad food or anything.,0
jacket,Levi's,The only reason to eat here would be to fill up before a night of binge drinking just to get some carbs in your stomach.,0
jacket,Levi's,"Insults, profound deuchebaggery, and had to go outside for a smoke break while serving just to solidify it.",0
jacket,Levi's,If someone orders two tacos don't' you think it may be part of customer service to ask if it is combo or ala cart?,1
jacket,Levi's,She was quite disappointed although some blame needs to be placed at her door.,0
jacket,Levi's,After all the rave reviews I couldn't wait to eat here......what a disappointment!,0
jacket,Levi's,Del Taco is pretty nasty and should be avoided if possible.,0
jacket,Nautica,It's NOT hard to make a decent hamburger.,0
jacket,Nautica,But I don't like it.,1
jacket,Nautica,Hell no will I go back,1
jacket,Nautica,We've have gotten a much better service from the pizza place next door than the services we received from this restaurant.,1
Handbag,AQUA,"""I don't know what the big deal is about this place, but I won't be back """"ya'all"""".""",1
Handbag,AQUA,I immediately said I wanted to talk to the manager but I did not want to talk to the guy who was doing shots of fireball behind the bar.,0
Handbag,AQUA,The ambiance isn't much better.,1
Handbag,AQUA,"Unfortunately, it only set us up for disapppointment with our entrees.",1
Handbag,AQUA,The food wasn't good.,1
Handbag,AQUA,"Your servers suck, wait, correction, our server Heimer sucked.",0
Handbag,AQUA,What happened next was pretty....off putting.,1
Handbag,AQUA,"too bad cause I know it's family owned, I really wanted to like this place.",1
Handbag,AQUA,Overpriced for what you are getting.,0
Handbag,AQUA,I vomited in the bathroom mid lunch.,0
Handbag,AQUA,"I kept looking at the time and it had soon become 35 minutes, yet still no food.",0
Handbag,AQUA,"I have been to very few places to eat that under no circumstances would I ever return to, and this tops the list.",1
Handbag,GANNI,We started with the tuna sashimi which was brownish in color and obviously wasn't fresh.,0
Handbag,GANNI,Food was below average.,1
Handbag,GANNI,It sure does beat the nachos at the movies but I would expect a little bit more coming from a restaurant.,0
Handbag,GANNI,"All in all, Ha Long Bay was a bit of a flop.",1
Handbag,GANNI,The problem I have is that they charge $11.99 for a sandwich that is no bigger than a Subway sub (which offers better and more amount of vegetables).,0
Handbag,GANNI,Shrimp- When I unwrapped it (I live only 1/2 a mile from Brushfire) it was literally ice cold.,0
Handbag,GANNI,"It lacked flavor, seemed undercooked, and dry.",0
Handbag,GANNI,It really is impressive that the place hasn't closed down.,0
Handbag,GANNI,I would avoid this place if you are staying in the Mirage.,0
Handbag,GANNI,The refried beans that came with my meal were dried out and crusty and the food was bland.,0
Handbag,L'alingi,Spend your money and time some place else.,0
Handbag,L'alingi,A lady at the table next to us found a live green caterpillar In her salad.,1
Handbag,L'alingi,the presentation of the food was awful.,1
Handbag,L'alingi,I can't tell you how disappointed I was.,1
Handbag,L'alingi,I think food should have flavor and texture and both were lacking.,1
Handbag,L'alingi,Appetite instantly gone.,1
Handbag,L'alingi,Overall I was not impressed and would not go back.,0
Handbag,L'alingi,"The whole experience was underwhelming, and I think we'll just go to Ninja Sushi next time.",0
Handbag,L'alingi,"Then, as if I hadn't wasted enough of my life there, they poured salt in the wound by drawing out the time it took to bring the check.",0
